{
    "Bike": {
        "precision": 0.9450171821305842,
        "recall": 0.9136212624584718,
        "f1-score": 0.9290540540540541,
        "support": 301.0
    },
    "Bus": {
        "precision": 0.8299319727891157,
        "recall": 0.6703296703296703,
        "f1-score": 0.7416413373860182,
        "support": 364.0
    },
    "Car & taxi": {
        "precision": 0.6886792452830188,
        "recall": 0.8264150943396227,
        "f1-score": 0.7512864493996569,
        "support": 265.0
    },
    "Subway": {
        "precision": 0.8103448275862069,
        "recall": 0.831858407079646,
        "f1-score": 0.8209606986899564,
        "support": 113.0
    },
    "Train": {
        "precision": 0.7222222222222222,
        "recall": 0.7878787878787878,
        "f1-score": 0.7536231884057971,
        "support": 33.0
    },
    "Walk": {
        "precision": 0.957983193277311,
        "recall": 0.987012987012987,
        "f1-score": 0.9722814498933902,
        "support": 693.0
    },
    "accuracy": 0.8716789146410401,
    "macro avg": {
        "precision": 0.8256964405480764,
        "recall": 0.8361860348498643,
        "f1-score": 0.8281411963048121,
        "support": 1769.0
    },
    "weighted avg": {
        "precision": 0.8752572423449945,
        "recall": 0.8716789146410401,
        "f1-score": 0.8706177473799693,
        "support": 1769.0
    }
}