{
    "Bike": {
        "precision": 0.9455782312925171,
        "recall": 0.9205298013245033,
        "f1-score": 0.9328859060402684,
        "support": 151.0
    },
    "Bus": {
        "precision": 0.8623188405797102,
        "recall": 0.7777777777777778,
        "f1-score": 0.8178694158075601,
        "support": 153.0
    },
    "Car & taxi": {
        "precision": 0.55,
        "recall": 0.55,
        "f1-score": 0.55,
        "support": 40.0
    },
    "Subway": {
        "precision": 0.7,
        "recall": 0.7777777777777778,
        "f1-score": 0.7368421052631579,
        "support": 18.0
    },
    "Train": {
        "precision": 0.8076923076923077,
        "recall": 0.875,
        "f1-score": 0.84,
        "support": 24.0
    },
    "Walk": {
        "precision": 0.8733333333333333,
        "recall": 0.9703703703703703,
        "f1-score": 0.9192982456140351,
        "support": 135.0
    },
    "accuracy": 0.8560460652591171,
    "macro avg": {
        "precision": 0.7898204521496447,
        "recall": 0.8119092878750717,
        "f1-score": 0.7994826121208369,
        "support": 521.0
    },
    "weighted avg": {
        "precision": 0.8572009806496759,
        "recall": 0.8560460652591171,
        "f1-score": 0.8551405249199018,
        "support": 521.0
    }
}