{
    "Bike": {
        "precision": 0.9124579124579124,
        "recall": 0.9003322259136213,
        "f1-score": 0.9063545150501672,
        "support": 301.0
    },
    "Bus": {
        "precision": 0.7977207977207977,
        "recall": 0.7692307692307693,
        "f1-score": 0.7832167832167832,
        "support": 364.0
    },
    "Car & taxi": {
        "precision": 0.7574626865671642,
        "recall": 0.7660377358490567,
        "f1-score": 0.7617260787992496,
        "support": 265.0
    },
    "Subway": {
        "precision": 0.8508771929824561,
        "recall": 0.8584070796460177,
        "f1-score": 0.8546255506607929,
        "support": 113.0
    },
    "Train": {
        "precision": 0.8064516129032258,
        "recall": 0.7575757575757576,
        "f1-score": 0.78125,
        "support": 33.0
    },
    "Walk": {
        "precision": 0.9562146892655368,
        "recall": 0.976911976911977,
        "f1-score": 0.966452533904354,
        "support": 693.0
    },
    "accuracy": 0.8778971170152629,
    "macro avg": {
        "precision": 0.8468641486495155,
        "recall": 0.8380825908545333,
        "f1-score": 0.8422709102718912,
        "support": 1769.0
    },
    "weighted avg": {
        "precision": 0.8768607233772422,
        "recall": 0.8778971170152629,
        "f1-score": 0.8772564003522881,
        "support": 1769.0
    }
}