{
    "Airplane": {
        "precision": 0.0,
        "recall": 0.0,
        "f1-score": 0.0,
        "support": 3.0
    },
    "Bike": {
        "precision": 0.6137931034482759,
        "recall": 0.55625,
        "f1-score": 0.5836065573770491,
        "support": 320.0
    },
    "Bus": {
        "precision": 0.49195402298850577,
        "recall": 0.5737265415549598,
        "f1-score": 0.5297029702970297,
        "support": 373.0
    },
    "Car & taxi": {
        "precision": 0.6533333333333333,
        "recall": 0.3656716417910448,
        "f1-score": 0.4688995215311005,
        "support": 268.0
    },
    "Subway": {
        "precision": 0.36633663366336633,
        "recall": 0.31092436974789917,
        "f1-score": 0.33636363636363636,
        "support": 119.0
    },
    "Train": {
        "precision": 0.3194444444444444,
        "recall": 0.6764705882352942,
        "f1-score": 0.4339622641509434,
        "support": 34.0
    },
    "Walk": {
        "precision": 0.7546728971962616,
        "recall": 0.820838627700127,
        "f1-score": 0.7863664029214851,
        "support": 787.0
    },
    "accuracy": 0.6281512605042017,
    "macro avg": {
        "precision": 0.45707634786774104,
        "recall": 0.4719831098613322,
        "f1-score": 0.4484144789487492,
        "support": 1904.0
    },
    "weighted avg": {
        "precision": 0.632031889507355,
        "recall": 0.6281512605042017,
        "f1-score": 0.6216652977202712,
        "support": 1904.0
    }
}