{
    "bike": {
        "precision": 0.6301369863013698,
        "recall": 0.575,
        "f1-score": 0.6013071895424836,
        "support": 320.0
    },
    "bus": {
        "precision": 0.5555555555555556,
        "recall": 0.48257372654155495,
        "f1-score": 0.5164992826398852,
        "support": 373.0
    },
    "car & taxi": {
        "precision": 0.6267942583732058,
        "recall": 0.48880597014925375,
        "f1-score": 0.549266247379455,
        "support": 268.0
    },
    "subway": {
        "precision": 0.6428571428571429,
        "recall": 0.3025210084033613,
        "f1-score": 0.4114285714285714,
        "support": 119.0
    },
    "train": {
        "precision": 0.6190476190476191,
        "recall": 0.38235294117647056,
        "f1-score": 0.4727272727272727,
        "support": 34.0
    },
    "walk": {
        "precision": 0.7097097097097097,
        "recall": 0.9008894536213469,
        "f1-score": 0.793952967525196,
        "support": 787.0
    },
    "accuracy": 0.6591267753813782,
    "macro avg": {
        "precision": 0.6306835453074339,
        "recall": 0.5220238499819979,
        "f1-score": 0.5575302552071439,
        "support": 1901.0
    },
    "weighted avg": {
        "precision": 0.6485723722629354,
        "recall": 0.6591267753813782,
        "f1-score": 0.6428982641194226,
        "support": 1901.0
    }
}