{
    "Airplane": {
        "precision": 0.0,
        "recall": 0.0,
        "f1-score": 0.0,
        "support": 3.0
    },
    "Bike": {
        "precision": 0.6798561151079137,
        "recall": 0.590625,
        "f1-score": 0.6321070234113713,
        "support": 320.0
    },
    "Bus": {
        "precision": 0.5861111111111111,
        "recall": 0.5656836461126006,
        "f1-score": 0.5757162346521146,
        "support": 373.0
    },
    "Car & taxi": {
        "precision": 0.6166666666666667,
        "recall": 0.5522388059701493,
        "f1-score": 0.5826771653543307,
        "support": 268.0
    },
    "Subway": {
        "precision": 0.5666666666666667,
        "recall": 0.2857142857142857,
        "f1-score": 0.37988826815642457,
        "support": 119.0
    },
    "Train": {
        "precision": 0.5714285714285714,
        "recall": 0.35294117647058826,
        "f1-score": 0.43636363636363634,
        "support": 34.0
    },
    "Walk": {
        "precision": 0.744973544973545,
        "recall": 0.8945362134688691,
        "f1-score": 0.812933025404157,
        "support": 787.0
    },
    "accuracy": 0.6817226890756303,
    "macro avg": {
        "precision": 0.5379575251363534,
        "recall": 0.46310558967664184,
        "f1-score": 0.4885264790488621,
        "support": 1904.0
    },
    "weighted avg": {
        "precision": 0.669430752416874,
        "recall": 0.6817226890756303,
        "f1-score": 0.6685899379579244,
        "support": 1904.0
    }
}