{
    "bike": {
        "precision": 0.6664473684210527,
        "recall": 0.633125,
        "f1-score": 0.6493589743589744,
        "support": 1600.0
    },
    "bus": {
        "precision": 0.6103731815306768,
        "recall": 0.5177038626609443,
        "f1-score": 0.5602322206095791,
        "support": 1864.0
    },
    "car & taxi": {
        "precision": 0.6522140221402214,
        "recall": 0.5268256333830105,
        "f1-score": 0.5828524319868096,
        "support": 1342.0
    },
    "subway": {
        "precision": 0.6051136363636364,
        "recall": 0.3591905564924115,
        "f1-score": 0.4507936507936508,
        "support": 593.0
    },
    "train": {
        "precision": 0.7676767676767676,
        "recall": 0.4418604651162791,
        "f1-score": 0.5608856088560885,
        "support": 172.0
    },
    "walk": {
        "precision": 0.7315670568905319,
        "recall": 0.9054397559735639,
        "f1-score": 0.8092695671930024,
        "support": 3934.0
    },
    "accuracy": 0.6876380852183062,
    "macro avg": {
        "precision": 0.6722320055038145,
        "recall": 0.5640242122710348,
        "f1-score": 0.6022320756330174,
        "support": 9505.0
    },
    "weighted avg": {
        "precision": 0.6783987595760586,
        "recall": 0.6876380852183062,
        "f1-score": 0.6746864407046888,
        "support": 9505.0
    }
}