{
    "Bike": {
        "precision": 0.8966666666666666,
        "recall": 0.893687707641196,
        "f1-score": 0.8951747088186356,
        "support": 301.0
    },
    "Bus": {
        "precision": 0.8,
        "recall": 0.7252747252747253,
        "f1-score": 0.760806916426513,
        "support": 364.0
    },
    "Car & taxi": {
        "precision": 0.7386759581881533,
        "recall": 0.8,
        "f1-score": 0.7681159420289855,
        "support": 265.0
    },
    "Subway": {
        "precision": 0.875,
        "recall": 0.8672566371681416,
        "f1-score": 0.8711111111111111,
        "support": 113.0
    },
    "Train": {
        "precision": 0.7941176470588235,
        "recall": 0.8181818181818182,
        "f1-score": 0.8059701492537313,
        "support": 33.0
    },
    "Walk": {
        "precision": 0.9603399433427762,
        "recall": 0.9783549783549783,
        "f1-score": 0.9692637598284489,
        "support": 693.0
    },
    "accuracy": 0.8750706613906162,
    "macro avg": {
        "precision": 0.8441333692094034,
        "recall": 0.8471259777701432,
        "f1-score": 0.8450737645779042,
        "support": 1769.0
    },
    "weighted avg": {
        "precision": 0.8747553751701597,
        "recall": 0.8750706613906162,
        "f1-score": 0.8743156504315348,
        "support": 1769.0
    }
}