{
    "Airplane": {
        "precision": 0.0,
        "recall": 0.0,
        "f1-score": 0.0,
        "support": 2.0
    },
    "Bike": {
        "precision": 0.7176470588235294,
        "recall": 0.6079734219269103,
        "f1-score": 0.658273381294964,
        "support": 301.0
    },
    "Bus": {
        "precision": 0.655440414507772,
        "recall": 0.695054945054945,
        "f1-score": 0.6746666666666666,
        "support": 364.0
    },
    "Car & taxi": {
        "precision": 0.6378600823045267,
        "recall": 0.5827067669172933,
        "f1-score": 0.6090373280943026,
        "support": 266.0
    },
    "Subway": {
        "precision": 0.6949152542372882,
        "recall": 0.7321428571428571,
        "f1-score": 0.7130434782608696,
        "support": 112.0
    },
    "Train": {
        "precision": 0.0,
        "recall": 0.0,
        "f1-score": 0.0,
        "support": 33.0
    },
    "Walk": {
        "precision": 0.8229166666666666,
        "recall": 0.9132947976878613,
        "f1-score": 0.8657534246575342,
        "support": 692.0
    },
    "accuracy": 0.7372881355932204,
    "macro avg": {
        "precision": 0.5041113537913976,
        "recall": 0.5044532555328382,
        "f1-score": 0.5029677541391909,
        "support": 1770.0
    },
    "weighted avg": {
        "precision": 0.7183907905579803,
        "recall": 0.7372881355932204,
        "f1-score": 0.7258108040326363,
        "support": 1770.0
    }
}