{
    "Airplane": {
        "precision": 0.0,
        "recall": 0.0,
        "f1-score": 0.0,
        "support": 3.0
    },
    "Bike": {
        "precision": 0.7707509881422925,
        "recall": 0.609375,
        "f1-score": 0.680628272251309,
        "support": 320.0
    },
    "Bus": {
        "precision": 0.7475083056478405,
        "recall": 0.6032171581769437,
        "f1-score": 0.6676557863501483,
        "support": 373.0
    },
    "Car & taxi": {
        "precision": 0.6678832116788321,
        "recall": 0.6828358208955224,
        "f1-score": 0.6752767527675276,
        "support": 268.0
    },
    "Subway": {
        "precision": 0.8947368421052632,
        "recall": 0.7142857142857143,
        "f1-score": 0.794392523364486,
        "support": 119.0
    },
    "Train": {
        "precision": 0.72,
        "recall": 0.5294117647058824,
        "f1-score": 0.6101694915254238,
        "support": 34.0
    },
    "Walk": {
        "precision": 0.7761506276150628,
        "recall": 0.9428208386277002,
        "f1-score": 0.8514056224899599,
        "support": 787.0
    },
    "accuracy": 0.7605042016806722,
    "macro avg": {
        "precision": 0.6538614250270415,
        "recall": 0.5831351852416804,
        "f1-score": 0.6113612069641221,
        "support": 1904.0
    },
    "weighted avg": {
        "precision": 0.7595786990996249,
        "recall": 0.7605042016806722,
        "f1-score": 0.7527024806000832,
        "support": 1904.0
    }
}