{
    "Airplane": {
        "precision": 0.0,
        "recall": 0.0,
        "f1-score": 0.0,
        "support": 14.0
    },
    "Bike": {
        "precision": 0.8899012908124525,
        "recall": 0.7325,
        "f1-score": 0.8035653068220775,
        "support": 1600.0
    },
    "Bus": {
        "precision": 0.8752462245567958,
        "recall": 0.7151287553648069,
        "f1-score": 0.7871272512547978,
        "support": 1864.0
    },
    "Car & taxi": {
        "precision": 0.7877906976744186,
        "recall": 0.8077496274217586,
        "f1-score": 0.797645327446652,
        "support": 1342.0
    },
    "Subway": {
        "precision": 0.9486692015209125,
        "recall": 0.8414839797639123,
        "f1-score": 0.8918677390527256,
        "support": 593.0
    },
    "Train": {
        "precision": 0.8618421052631579,
        "recall": 0.7616279069767442,
        "f1-score": 0.808641975308642,
        "support": 172.0
    },
    "Walk": {
        "precision": 0.8296216216216217,
        "recall": 0.9753431621759023,
        "f1-score": 0.8966000701016474,
        "support": 3934.0
    },
    "accuracy": 0.846307385229541,
    "macro avg": {
        "precision": 0.741867305921337,
        "recall": 0.6905476331004463,
        "f1-score": 0.7122068099980775,
        "support": 9519.0
    },
    "weighted avg": {
        "precision": 0.8495687868704156,
        "recall": 0.846307385229541,
        "f1-score": 0.8423719278788641,
        "support": 9519.0
    }
}