{
    "Airplane": {
        "precision": 0.0,
        "recall": 0.0,
        "f1-score": 0.0,
        "support": 3.0
    },
    "Bike": {
        "precision": 0.7755905511811023,
        "recall": 0.615625,
        "f1-score": 0.686411149825784,
        "support": 320.0
    },
    "Bus": {
        "precision": 0.6857142857142857,
        "recall": 0.6434316353887399,
        "f1-score": 0.6639004149377593,
        "support": 373.0
    },
    "Car & taxi": {
        "precision": 0.6825396825396826,
        "recall": 0.6417910447761194,
        "f1-score": 0.6615384615384615,
        "support": 268.0
    },
    "Subway": {
        "precision": 0.7431192660550459,
        "recall": 0.680672268907563,
        "f1-score": 0.7105263157894737,
        "support": 119.0
    },
    "Train": {
        "precision": 0.5,
        "recall": 0.5588235294117647,
        "f1-score": 0.5277777777777778,
        "support": 34.0
    },
    "Walk": {
        "precision": 0.781354051054384,
        "recall": 0.8945362134688691,
        "f1-score": 0.8341232227488151,
        "support": 787.0
    },
    "accuracy": 0.7421218487394958,
    "macro avg": {
        "precision": 0.5954739766492143,
        "recall": 0.5764113845647223,
        "f1-score": 0.5834681918025816,
        "support": 1904.0
    },
    "weighted avg": {
        "precision": 0.7390955203310751,
        "recall": 0.7421218487394958,
        "f1-score": 0.73714852034404,
        "support": 1904.0
    }
}