{
    "Airplane": {
        "precision": 0.0,
        "recall": 0.0,
        "f1-score": 0.0,
        "support": 3.0
    },
    "Bike": {
        "precision": 0.7286821705426356,
        "recall": 0.5875,
        "f1-score": 0.6505190311418685,
        "support": 320.0
    },
    "Bus": {
        "precision": 0.628992628992629,
        "recall": 0.6863270777479893,
        "f1-score": 0.6564102564102564,
        "support": 373.0
    },
    "Car & taxi": {
        "precision": 0.6778846153846154,
        "recall": 0.5261194029850746,
        "f1-score": 0.592436974789916,
        "support": 268.0
    },
    "Subway": {
        "precision": 0.8023255813953488,
        "recall": 0.5798319327731093,
        "f1-score": 0.6731707317073171,
        "support": 119.0
    },
    "Train": {
        "precision": 0.6333333333333333,
        "recall": 0.5588235294117647,
        "f1-score": 0.59375,
        "support": 34.0
    },
    "Walk": {
        "precision": 0.7672131147540984,
        "recall": 0.8919949174078781,
        "f1-score": 0.8249118683901293,
        "support": 787.0
    },
    "accuracy": 0.7221638655462185,
    "macro avg": {
        "precision": 0.6054902063432372,
        "recall": 0.5472281229036879,
        "f1-score": 0.5701712660627839,
        "support": 1904.0
    },
    "weighted avg": {
        "precision": 0.7196808933517994,
        "recall": 0.7221638655462185,
        "f1-score": 0.7149583415684473,
        "support": 1904.0
    }
}