{
    "Airplane": {
        "precision": 0.0,
        "recall": 0.0,
        "f1-score": 0.0,
        "support": 3.0
    },
    "Bike": {
        "precision": 0.7101449275362319,
        "recall": 0.6125,
        "f1-score": 0.6577181208053692,
        "support": 320.0
    },
    "Bus": {
        "precision": 0.6259946949602122,
        "recall": 0.6327077747989276,
        "f1-score": 0.6293333333333333,
        "support": 373.0
    },
    "Car & taxi": {
        "precision": 0.6651785714285714,
        "recall": 0.5559701492537313,
        "f1-score": 0.6056910569105691,
        "support": 268.0
    },
    "Subway": {
        "precision": 0.6446280991735537,
        "recall": 0.6554621848739496,
        "f1-score": 0.65,
        "support": 119.0
    },
    "Train": {
        "precision": 0.42105263157894735,
        "recall": 0.23529411764705882,
        "f1-score": 0.3018867924528302,
        "support": 34.0
    },
    "Walk": {
        "precision": 0.7767756482525366,
        "recall": 0.8754764930114358,
        "f1-score": 0.8231780167264038,
        "support": 787.0
    },
    "accuracy": 0.7121848739495799,
    "macro avg": {
        "precision": 0.549110653275722,
        "recall": 0.5096301027978719,
        "f1-score": 0.5239724743183579,
        "support": 1904.0
    },
    "weighted avg": {
        "precision": 0.7044953905591881,
        "recall": 0.7121848739495799,
        "f1-score": 0.7053527233981934,
        "support": 1904.0
    }
}