{
    "Airplane": {
        "precision": 0.0,
        "recall": 0.0,
        "f1-score": 0.0,
        "support": 3.0
    },
    "Bike": {
        "precision": 0.6772151898734177,
        "recall": 0.66875,
        "f1-score": 0.6729559748427673,
        "support": 320.0
    },
    "Bus": {
        "precision": 0.6546961325966851,
        "recall": 0.6353887399463807,
        "f1-score": 0.6448979591836734,
        "support": 373.0
    },
    "Car & taxi": {
        "precision": 0.6443514644351465,
        "recall": 0.5746268656716418,
        "f1-score": 0.6074950690335306,
        "support": 268.0
    },
    "Subway": {
        "precision": 0.8163265306122449,
        "recall": 0.6722689075630253,
        "f1-score": 0.7373271889400922,
        "support": 119.0
    },
    "Train": {
        "precision": 0.7777777777777778,
        "recall": 0.20588235294117646,
        "f1-score": 0.32558139534883723,
        "support": 34.0
    },
    "Walk": {
        "precision": 0.7863636363636364,
        "recall": 0.8792884371029225,
        "f1-score": 0.8302339532093581,
        "support": 787.0
    },
    "accuracy": 0.726890756302521,
    "macro avg": {
        "precision": 0.6223901045227012,
        "recall": 0.5194579004607353,
        "f1-score": 0.5454987915083226,
        "support": 1904.0
    },
    "weighted avg": {
        "precision": 0.7227164884937815,
        "recall": 0.726890756302521,
        "f1-score": 0.7200143662435285,
        "support": 1904.0
    }
}