{
    "Airplane": {
        "precision": 0.0,
        "recall": 0.0,
        "f1-score": 0.0,
        "support": 3.0
    },
    "Bike": {
        "precision": 0.7611336032388664,
        "recall": 0.5875,
        "f1-score": 0.6631393298059964,
        "support": 320.0
    },
    "Bus": {
        "precision": 0.7142857142857143,
        "recall": 0.6702412868632708,
        "f1-score": 0.6915629322268326,
        "support": 373.0
    },
    "Car & taxi": {
        "precision": 0.6366782006920415,
        "recall": 0.6865671641791045,
        "f1-score": 0.6606822262118492,
        "support": 268.0
    },
    "Subway": {
        "precision": 0.8349514563106796,
        "recall": 0.7226890756302521,
        "f1-score": 0.7747747747747747,
        "support": 119.0
    },
    "Train": {
        "precision": 0.6428571428571429,
        "recall": 0.5294117647058824,
        "f1-score": 0.5806451612903226,
        "support": 34.0
    },
    "Walk": {
        "precision": 0.7948139797068771,
        "recall": 0.8958068614993647,
        "f1-score": 0.8422939068100358,
        "support": 787.0
    },
    "accuracy": 0.7515756302521008,
    "macro avg": {
        "precision": 0.6263885852987602,
        "recall": 0.584602307553982,
        "f1-score": 0.6018711901599731,
        "support": 1904.0
    },
    "weighted avg": {
        "precision": 0.749661791196377,
        "recall": 0.7515756302521008,
        "f1-score": 0.746872812092894,
        "support": 1904.0
    }
}