{
    "Airplane": {
        "precision": 0.0,
        "recall": 0.0,
        "f1-score": 0.0,
        "support": 14.0
    },
    "Bike": {
        "precision": 0.7436065573770492,
        "recall": 0.70875,
        "f1-score": 0.72576,
        "support": 1600.0
    },
    "Bus": {
        "precision": 0.7201133144475921,
        "recall": 0.6818669527896996,
        "f1-score": 0.700468448608432,
        "support": 1864.0
    },
    "Car & taxi": {
        "precision": 0.7050078247261345,
        "recall": 0.6713859910581222,
        "f1-score": 0.6877862595419847,
        "support": 1342.0
    },
    "Subway": {
        "precision": 0.8472998137802608,
        "recall": 0.7672849915682968,
        "f1-score": 0.8053097345132744,
        "support": 593.0
    },
    "Train": {
        "precision": 0.7719298245614035,
        "recall": 0.2558139534883721,
        "f1-score": 0.38427947598253276,
        "support": 172.0
    },
    "Walk": {
        "precision": 0.8182235483130594,
        "recall": 0.9062023385866802,
        "f1-score": 0.8599686406947292,
        "support": 3934.0
    },
    "accuracy": 0.774240991700809,
    "macro avg": {
        "precision": 0.6580258404579284,
        "recall": 0.5701863182130245,
        "f1-score": 0.5947960799058505,
        "support": 9519.0
    },
    "weighted avg": {
        "precision": 0.7702799001130262,
        "recall": 0.774240991700809,
        "f1-score": 0.7686374328647854,
        "support": 9519.0
    }
}