{
    "Airplane": {
        "precision": 0.0,
        "recall": 0.0,
        "f1-score": 0.0,
        "support": 3.0
    },
    "Bike": {
        "precision": 0.6644951140065146,
        "recall": 0.6375,
        "f1-score": 0.6507177033492823,
        "support": 320.0
    },
    "Bus": {
        "precision": 0.6314363143631436,
        "recall": 0.6246648793565683,
        "f1-score": 0.628032345013477,
        "support": 373.0
    },
    "Car & taxi": {
        "precision": 0.6898148148148148,
        "recall": 0.5559701492537313,
        "f1-score": 0.6157024793388429,
        "support": 268.0
    },
    "Subway": {
        "precision": 0.7058823529411765,
        "recall": 0.6050420168067226,
        "f1-score": 0.6515837104072398,
        "support": 119.0
    },
    "Train": {
        "precision": 0.42857142857142855,
        "recall": 0.35294117647058826,
        "f1-score": 0.3870967741935484,
        "support": 34.0
    },
    "Walk": {
        "precision": 0.7766439909297053,
        "recall": 0.8703939008894537,
        "f1-score": 0.8208508088675854,
        "support": 787.0
    },
    "accuracy": 0.7116596638655462,
    "macro avg": {
        "precision": 0.5566920022323977,
        "recall": 0.5209303032538664,
        "f1-score": 0.5362834030242822,
        "support": 1904.0
    },
    "weighted avg": {
        "precision": 0.7052651268608268,
        "recall": 0.7116596638655462,
        "f1-score": 0.7059891453069533,
        "support": 1904.0
    }
}