{
    "Bike": {
        "precision": 0.9225806451612903,
        "recall": 0.9470198675496688,
        "f1-score": 0.934640522875817,
        "support": 151.0
    },
    "Bus": {
        "precision": 0.8790322580645161,
        "recall": 0.7124183006535948,
        "f1-score": 0.7870036101083032,
        "support": 153.0
    },
    "Car & taxi": {
        "precision": 0.4318181818181818,
        "recall": 0.475,
        "f1-score": 0.4523809523809524,
        "support": 40.0
    },
    "Subway": {
        "precision": 0.8125,
        "recall": 0.7222222222222222,
        "f1-score": 0.7647058823529411,
        "support": 18.0
    },
    "Train": {
        "precision": 0.7333333333333333,
        "recall": 0.9166666666666666,
        "f1-score": 0.8148148148148148,
        "support": 24.0
    },
    "Walk": {
        "precision": 0.8552631578947368,
        "recall": 0.9629629629629629,
        "f1-score": 0.9059233449477352,
        "support": 135.0
    },
    "accuracy": 0.836852207293666,
    "macro avg": {
        "precision": 0.7724212627120098,
        "recall": 0.7893816700091859,
        "f1-score": 0.7765781879134273,
        "support": 521.0
    },
    "weighted avg": {
        "precision": 0.8421494558382775,
        "recall": 0.836852207293666,
        "f1-score": 0.8354269143990586,
        "support": 521.0
    }
}