{
    "Bike": {
        "precision": 0.9459459459459459,
        "recall": 0.9271523178807947,
        "f1-score": 0.9364548494983278,
        "support": 151.0
    },
    "Bus": {
        "precision": 0.8666666666666667,
        "recall": 0.6797385620915033,
        "f1-score": 0.7619047619047619,
        "support": 153.0
    },
    "Car & taxi": {
        "precision": 0.4153846153846154,
        "recall": 0.675,
        "f1-score": 0.5142857142857142,
        "support": 40.0
    },
    "Subway": {
        "precision": 0.7333333333333333,
        "recall": 0.6111111111111112,
        "f1-score": 0.6666666666666666,
        "support": 18.0
    },
    "Train": {
        "precision": 0.8076923076923077,
        "recall": 0.875,
        "f1-score": 0.84,
        "support": 24.0
    },
    "Walk": {
        "precision": 0.8775510204081632,
        "recall": 0.9555555555555556,
        "f1-score": 0.9148936170212766,
        "support": 135.0
    },
    "accuracy": 0.8291746641074856,
    "macro avg": {
        "precision": 0.7744289815718388,
        "recall": 0.7872595911064941,
        "f1-score": 0.7723676015627912,
        "support": 521.0
    },
    "weighted avg": {
        "precision": 0.8504937151495968,
        "recall": 0.8291746641074856,
        "f1-score": 0.8334322029078254,
        "support": 521.0
    }
}