{
  "time_period": {
    "periods": [
      "其他时段",
      "午间 (11-13点)",
      "夜间 (22-5点)",
      "早高峰 (7-9点)",
      "晚高峰 (17-19点)"
    ],
    "modes": [
      "Walk",
      "Bike",
      "Bus",
      "Car & taxi",
      "Subway",
      "Train"
    ],
    "data": {
      "Walk": [
        2.79,
        2.92,
        4.81,
        6.4,
        0.0
      ],
      "Bike": [
        1.69,
        4.84,
        3.29,
        3.28,
        0.0
      ],
      "Bus": [
        69.86,
        53.89,
        67.46,
        52.68,
        97.12
      ],
      "Car & taxi": [
        17.09,
        17.37,
        12.92,
        28.37,
        0.0
      ],
      "Subway": [
        1.07,
        9.51,
        1.97,
        1.91,
        0.0
      ],
      "Train": [
        7.5,
        11.46,
        9.55,
        7.35,
        2.88
      ]
    }
  },
  "weather_impact": {
    "rainy": {
      "Walk": 5.067031291747214,
      "Bike": 1.1473116758608766,
      "Bus": 60.757225706068176,
      "Car & taxi": 9.3372310497116,
      "Subway": 3.6022443302371636,
      "Train": 20.088955946374966
    },
    "sunny": {
      "Walk": 4.131208166178268,
      "Bike": 3.371576249743185,
      "Bus": 64.82714994755567,
      "Car & taxi": 18.31253581894268,
      "Subway": 2.563554969236259,
      "Train": 6.7939748483439475
    }
  },
  "congestion_timing": {
    "hours": [
      0,
      1,
      2,
      3,
      4,
      5,
      6,
      7,
      8,
      9,
      10,
      11,
      12,
      13,
      14,
      15,
      16,
      17,
      18,
      19,
      20,
      21,
      22,
      23
    ],
    "car_ratio": [
      15.05,
      12.1,
      5.07,
      11.95,
      15.38,
      17.28,
      30.21,
      35.91,
      24.03,
      24.04,
      23.9,
      21.78,
      6.07,
      23.84,
      2.28,
      1.05,
      8.85,
      0.0,
      0.0,
      0.0,
      0.0,
      45.17,
      8.5,
      14.62
    ]
  },
  "road_type": {
    "categories": [
      "主干道",
      "次干道",
      "支路",
      "步行道"
    ],
    "modes": [
      "Walk",
      "Bike",
      "Bus",
      "Car & taxi",
      "Subway",
      "Train"
    ],
    "data": {
      "Walk": [
        20,
        10,
        15,
        80
      ],
      "Bike": [
        10,
        15,
        20,
        10
      ],
      "Bus": [
        30,
        25,
        20,
        5
      ],
      "Car & taxi": [
        30,
        35,
        25,
        2
      ],
      "Subway": [
        5,
        10,
        15,
        2
      ],
      "Train": [
        5,
        5,
        5,
        1
      ]
    }
  }
}