{
    "Airplane": {
        "precision": 0.0,
        "recall": 0.0,
        "f1-score": 0.0,
        "support": 14.0
    },
    "Bike": {
        "precision": 0.8231162196679438,
        "recall": 0.805625,
        "f1-score": 0.8142766898294378,
        "support": 1600.0
    },
    "Bus": {
        "precision": 0.8737684729064039,
        "recall": 0.7612660944206009,
        "f1-score": 0.8136467889908257,
        "support": 1864.0
    },
    "Car & taxi": {
        "precision": 0.7519946808510638,
        "recall": 0.8427719821162444,
        "f1-score": 0.7947997189037245,
        "support": 1342.0
    },
    "Other": {
        "precision": 0.0,
        "recall": 0.0,
        "f1-score": 0.0,
        "support": 12.0
    },
    "Train": {
        "precision": 0.8651535380507344,
        "recall": 0.8470588235294118,
        "f1-score": 0.8560105680317041,
        "support": 765.0
    },
    "Walk": {
        "precision": 0.8835616438356164,
        "recall": 0.9181494661921709,
        "f1-score": 0.900523560209424,
        "support": 3934.0
    },
    "accuracy": 0.8497534361557024,
    "macro avg": {
        "precision": 0.5996563650445375,
        "recall": 0.5964101951797754,
        "f1-score": 0.5970367608521594,
        "support": 9531.0
    },
    "weighted avg": {
        "precision": 0.8490862669317492,
        "recall": 0.8497534361557024,
        "f1-score": 0.8481386330482558,
        "support": 9531.0
    }
}