{
    "Airplane": {
        "precision": 0.0,
        "recall": 0.0,
        "f1-score": 0.0,
        "support": 3.0
    },
    "Bike": {
        "precision": 0.75,
        "recall": 0.740625,
        "f1-score": 0.7452830188679245,
        "support": 320.0
    },
    "Bus": {
        "precision": 0.7661538461538462,
        "recall": 0.6675603217158177,
        "f1-score": 0.7134670487106017,
        "support": 373.0
    },
    "Car & taxi": {
        "precision": 0.6527331189710611,
        "recall": 0.7546468401486989,
        "f1-score": 0.7,
        "support": 269.0
    },
    "Other": {
        "precision": 0.0,
        "recall": 0.0,
        "f1-score": 0.0,
        "support": 2.0
    },
    "Train": {
        "precision": 0.7785714285714286,
        "recall": 0.7124183006535948,
        "f1-score": 0.7440273037542662,
        "support": 153.0
    },
    "Walk": {
        "precision": 0.8392638036809816,
        "recall": 0.8691232528589581,
        "f1-score": 0.8539325842696629,
        "support": 787.0
    },
    "accuracy": 0.7771368641845832,
    "macro avg": {
        "precision": 0.5409603139110454,
        "recall": 0.5349105307681528,
        "f1-score": 0.5366728508003508,
        "support": 1907.0
    },
    "weighted avg": {
        "precision": 0.7766033747702995,
        "recall": 0.7771368641845832,
        "f1-score": 0.7754561596756254,
        "support": 1907.0
    }
}