{
    "Airplane": {
        "precision": 0.0,
        "recall": 0.0,
        "f1-score": 0.0,
        "support": 3.0
    },
    "Bike": {
        "precision": 0.7080536912751678,
        "recall": 0.659375,
        "f1-score": 0.6828478964401294,
        "support": 320.0
    },
    "Bus": {
        "precision": 0.8035087719298246,
        "recall": 0.613941018766756,
        "f1-score": 0.6960486322188449,
        "support": 373.0
    },
    "Car & taxi": {
        "precision": 0.6518771331058021,
        "recall": 0.7126865671641791,
        "f1-score": 0.6809269162210339,
        "support": 268.0
    },
    "Subway": {
        "precision": 0.8,
        "recall": 0.7058823529411765,
        "f1-score": 0.75,
        "support": 119.0
    },
    "Train": {
        "precision": 0.6111111111111112,
        "recall": 0.6470588235294118,
        "f1-score": 0.6285714285714286,
        "support": 34.0
    },
    "Walk": {
        "precision": 0.7801578354002254,
        "recall": 0.8792884371029225,
        "f1-score": 0.8267622461170848,
        "support": 787.0
    },
    "accuracy": 0.7505252100840336,
    "macro avg": {
        "precision": 0.6221012204031615,
        "recall": 0.6026045999292065,
        "f1-score": 0.6093081599383602,
        "support": 1904.0
    },
    "weighted avg": {
        "precision": 0.7515499049621789,
        "recall": 0.7505252100840336,
        "f1-score": 0.746801048577354,
        "support": 1904.0
    }
}