{
    "Bike": {
        "precision": 0.9003322259136213,
        "recall": 0.9003322259136213,
        "f1-score": 0.9003322259136213,
        "support": 301.0
    },
    "Bus": {
        "precision": 0.7704918032786885,
        "recall": 0.7747252747252747,
        "f1-score": 0.7726027397260274,
        "support": 364.0
    },
    "Car & taxi": {
        "precision": 0.7634854771784232,
        "recall": 0.6943396226415094,
        "f1-score": 0.7272727272727273,
        "support": 265.0
    },
    "Subway": {
        "precision": 0.7950819672131147,
        "recall": 0.8584070796460177,
        "f1-score": 0.825531914893617,
        "support": 113.0
    },
    "Train": {
        "precision": 0.8387096774193549,
        "recall": 0.7878787878787878,
        "f1-score": 0.8125,
        "support": 33.0
    },
    "Walk": {
        "precision": 0.9548022598870056,
        "recall": 0.9754689754689755,
        "f1-score": 0.9650249821556032,
        "support": 693.0
    },
    "accuracy": 0.8682871678914641,
    "macro avg": {
        "precision": 0.8371505684817014,
        "recall": 0.8318586610456977,
        "f1-score": 0.833877431660266,
        "support": 1769.0
    },
    "weighted avg": {
        "precision": 0.8665812976808029,
        "recall": 0.8682871678914641,
        "f1-score": 0.8670517744513049,
        "support": 1769.0
    }
}