{
    "Bike": {
        "precision": 0.8987341772151899,
        "recall": 0.9403973509933775,
        "f1-score": 0.919093851132686,
        "support": 151.0
    },
    "Bus": {
        "precision": 0.9090909090909091,
        "recall": 0.7189542483660131,
        "f1-score": 0.8029197080291971,
        "support": 153.0
    },
    "Car & taxi": {
        "precision": 0.4897959183673469,
        "recall": 0.6,
        "f1-score": 0.5393258426966292,
        "support": 40.0
    },
    "Subway": {
        "precision": 0.8235294117647058,
        "recall": 0.7777777777777778,
        "f1-score": 0.8,
        "support": 18.0
    },
    "Train": {
        "precision": 0.7777777777777778,
        "recall": 0.875,
        "f1-score": 0.8235294117647058,
        "support": 24.0
    },
    "Walk": {
        "precision": 0.8657718120805369,
        "recall": 0.9555555555555556,
        "f1-score": 0.9084507042253521,
        "support": 135.0
    },
    "accuracy": 0.8445297504798465,
    "macro avg": {
        "precision": 0.7941166677160777,
        "recall": 0.8112808221154539,
        "f1-score": 0.798886586308095,
        "support": 521.0
    },
    "weighted avg": {
        "precision": 0.8536679410641084,
        "recall": 0.8445297504798465,
        "f1-score": 0.844546010576091,
        "support": 521.0
    }
}